Date,Open,High,Low,Close,Adj Close,Volume
2016-01-01,392.5,403.0,373.0,401.899994,401.737305,4377363
2016-01-04,400.0,400.100006,375.049988,377.049988,376.897339,7822660
2016-01-05,381.049988,382.450012,372.100006,374.450012,374.298431,6901068
2016-01-06,374.25,375.5,364.600006,365.899994,365.751862,7211230
2016-01-07,356.25,358.0,338.100006,343.549988,343.410919,11782307
2016-01-08,345.600006,355.850006,345.600006,353.350006,353.20697,8770370
2016-01-11,343.899994,364.75,341.649994,360.200012,360.05419900000004,10576721
2016-01-12,362.700012,363.950012,351.600006,355.0,354.856293,8363062
2016-01-13,360.450012,369.799988,356.299988,364.600006,364.45239300000003,14191511
2016-01-14,356.100006,359.399994,346.799988,354.299988,354.15655499999997,10673343
2016-01-15,353.899994,353.899994,339.350006,341.299988,341.161804,6557584
2016-01-18,341.0,343.299988,334.399994,340.200012,340.062286,6285144
2016-01-19,343.0,357.200012,342.0,354.149994,354.006622,7304555
2016-01-20,349.649994,349.649994,338.799988,342.25,342.11145,9156596
2016-01-21,340.649994,344.149994,323.0,328.549988,328.416992,16524035
2016-01-22,335.5,345.899994,331.5,339.5,339.362549,9595392
2016-01-25,345.5,345.5,331.149994,332.600006,332.46536299999997,6106931
2016-01-27,338.0,341.0,333.200012,337.049988,336.913544,8333202
2016-01-28,336.299988,341.399994,332.299988,334.200012,334.064728,13153617
2016-01-29,332.0,340.600006,324.200012,336.899994,336.76361099999997,10350998
2016-02-01,338.75,342.399994,332.25,338.5,338.362976,6563774
2016-02-02,343.799988,344.700012,327.700012,329.549988,329.416565,9179304
2016-02-03,325.549988,325.950012,317.049988,320.299988,320.170319,6685445
2016-02-04,325.299988,329.299988,321.200012,325.5,325.368225,6086981
2016-02-05,330.5,339.0,326.649994,337.100006,336.963531,9236577
2016-02-08,334.950012,334.950012,321.350006,323.5,323.369049,6974342
2016-02-09,319.5,322.649994,308.799988,310.649994,310.524231,12489713
2016-02-10,309.850006,309.950012,288.25,291.549988,291.431946,21756193
2016-02-11,298.5,300.0,265.799988,276.350006,276.238129,21632886
2016-02-12,281.0,303.950012,271.600006,298.350006,298.229218,21542152
2016-02-15,297.899994,320.75,297.700012,317.25,317.121552,18888699
2016-02-16,319.399994,324.200012,298.899994,301.149994,301.028076,13598374
2016-02-17,302.950012,313.5,298.649994,310.149994,310.024445,13717526
2016-02-18,315.149994,319.100006,306.200012,314.0,313.872894,12498247
2016-02-19,312.100006,320.0,311.100006,318.200012,318.071198,7706462
2016-02-22,320.0,324.200012,313.600006,318.850006,318.720917,8699779
2016-02-23,324.0,324.75,314.450012,318.549988,318.421021,11635881
2016-02-24,316.0,316.0,304.75,306.299988,306.175995,7629905
2016-02-25,309.799988,312.200012,296.200012,298.200012,298.079285,12959812
2016-02-26,303.200012,305.200012,297.600006,301.799988,301.677795,9181680
2016-02-29,303.200012,305.75,290.25,299.700012,299.57867400000003,12607181
2016-03-01,301.100006,317.0,301.100006,315.350006,315.222351,11440045
2016-03-02,322.899994,326.0,314.350006,317.100006,316.971619,12418149
2016-03-03,324.5,339.799988,321.5,336.700012,336.56369,12844057
2016-03-04,340.149994,348.75,338.649994,343.5,343.360931,8197520
2016-03-08,346.5,353.75,341.5,346.049988,345.909882,7888999
2016-03-09,339.899994,349.0,336.0,347.700012,347.559265,6383925
2016-03-10,347.0,353.600006,341.399994,348.5,348.358917,7443048
2016-03-11,348.5,355.899994,345.149994,354.25,354.106598,7641330
2016-03-14,359.899994,370.549988,358.950012,366.450012,366.301666,13066837
2016-03-15,366.899994,370.700012,359.549988,360.399994,360.254089,9800731
2016-03-16,359.950012,362.75,353.299988,359.549988,359.404419,7554537
2016-03-17,366.899994,367.399994,358.600006,360.899994,360.753876,6914296
2016-03-18,362.5,367.799988,362.5,366.049988,365.901794,6594019
2016-03-21,367.25,375.5,365.75,374.700012,374.54830899999996,9325793
2016-03-22,376.950012,381.5,370.399994,377.200012,377.047302,8909026
2016-03-23,378.0,379.450012,374.049988,377.0,376.847382,5766182
2016-03-28,375.5,375.5,361.5,363.299988,363.15292400000004,8062793
2016-03-29,364.0,378.950012,363.049988,372.450012,372.299225,9364810
2016-03-30,380.5,391.5,376.799988,388.600006,388.442688,10295891
2016-03-31,387.899994,393.600006,380.5,386.600006,386.443512,10738707
2016-04-01,386.399994,386.399994,377.700012,379.649994,379.496307,5683771
2016-04-04,385.950012,391.0,382.399994,388.399994,388.242767,6011729
2016-04-05,386.0,386.0,369.0,370.5,370.350006,6058241
2016-04-06,373.700012,382.399994,372.049988,376.700012,376.54751600000003,7323269
2016-04-07,375.950012,384.799988,370.299988,375.200012,375.04812599999997,8724110
2016-04-08,375.5,380.049988,370.5,371.450012,371.299622,4860484
2016-04-11,373.950012,387.799988,373.899994,386.649994,386.493469,6827449
2016-04-12,387.950012,397.399994,387.149994,395.799988,395.63974,7702684
2016-04-13,400.0,411.75,398.149994,408.75,408.58453399999996,12373115
2016-04-18,407.649994,409.899994,402.5,407.350006,407.185089,5571076
2016-04-20,407.0,410.350006,400.649994,404.100006,403.936401,7589901
2016-04-21,408.700012,417.200012,406.0,411.5,411.33340499999997,9211869
2016-04-22,412.100006,420.5,408.0,417.0,416.831177,5995998
2016-04-25,417.600006,417.600006,410.0,412.200012,412.033142,3272996
2016-04-26,408.649994,423.64999400000005,405.049988,419.049988,418.880341,6998505
2016-04-27,418.950012,425.25,414.649994,418.549988,418.380554,6227941
2016-04-28,418.799988,420.950012,409.700012,411.350006,411.183472,7546101
2016-04-29,410.0,413.700012,403.049988,408.350006,408.184692,6251095
2016-05-02,407.950012,410.450012,402.5,407.700012,407.534973,4178821
2016-05-03,410.899994,422.0,407.799988,409.649994,409.484161,9620804
2016-05-04,405.5,405.5,380.100006,381.799988,381.645416,12069134
2016-05-05,384.0,396.049988,383.149994,391.149994,390.99163799999997,9601341
2016-05-06,388.600006,400.899994,384.5,398.700012,398.53860499999996,9953672
2016-05-09,400.350006,405.200012,395.149994,403.350006,403.18670699999996,8700283
2016-05-10,400.799988,400.799988,387.149994,388.950012,388.79254199999997,9166453
2016-05-11,384.799988,391.950012,376.100006,379.850006,379.69622799999996,11595875
2016-05-12,379.0,388.600006,379.0,387.049988,386.893311,6506343
2016-05-13,391.25,394.0,385.5,389.950012,389.792145,14027896
2016-05-16,393.799988,396.700012,389.0,392.700012,392.541046,8248193
2016-05-17,392.600006,395.0,386.600006,389.700012,389.542236,9425555
2016-05-18,383.5,387.350006,381.600006,384.850006,384.694214,8589315
2016-05-19,386.25,393.299988,381.950012,386.899994,386.743378,10988676
2016-05-20,386.700012,392.700012,383.5,384.450012,384.294373,6537509
2016-05-23,388.549988,389.950012,380.100006,381.75,381.595459,8153090
2016-05-24,383.799988,391.75,382.649994,389.100006,388.942474,10568106
2016-05-25,394.0,399.950012,394.0,397.0,396.839294,8897382
2016-05-26,400.5,402.0,396.75,399.25,399.08837900000003,8469732
2016-05-27,400.0,405.0,396.0,403.899994,403.736481,9035525
2016-05-30,404.799988,423.60000599999995,401.299988,421.25,421.07946799999996,15767133
2016-05-31,456.0,464.89999400000005,445.0,459.64999400000005,459.46389800000003,110744326
2016-06-01,455.75,458.299988,445.0,449.200012,449.018158,10389215
2016-06-02,444.10000599999995,460.5,444.10000599999995,453.450012,453.266449,13674434
2016-06-03,458.049988,461.799988,452.5,453.950012,453.76623499999994,11672544
2016-06-06,457.799988,465.0,450.200012,460.5,460.313568,9356808
2016-06-07,466.450012,466.450012,459.0,463.049988,462.86251799999997,12568902
2016-06-08,465.5,468.799988,463.200012,466.14999400000005,465.96127300000006,10467158
2016-06-09,469.450012,470.25,465.0,467.14999400000005,466.960876,8525017
2016-06-10,466.75,466.75,454.5,456.950012,456.76501500000006,7039858
2016-06-13,451.0,451.39999400000005,436.700012,444.25,444.07016,9507282
2016-06-14,446.89999400000005,453.85000599999995,441.14999400000005,448.39999400000005,448.218475,9615226
2016-06-15,449.89999400000005,453.0,447.25,452.10000599999995,451.916992,5704865
2016-06-16,449.700012,455.5,446.049988,454.35000599999995,454.166077,7255454
2016-06-17,461.0,465.75,457.299988,464.39999400000005,464.211975,7836702
2016-06-20,464.75,484.200012,460.25,482.049988,481.854828,9261350
2016-06-21,484.0,486.200012,477.60000599999995,484.89999400000005,484.70367400000003,8907801
2016-06-22,483.049988,484.799988,468.049988,472.700012,472.508636,7660165
2016-06-23,476.10000599999995,489.89999400000005,476.10000599999995,487.950012,487.75247199999995,9628216
2016-06-24,439.200012,453.75,421.25,449.39999400000005,449.21804800000007,40998600
2016-06-27,451.799988,457.25,443.60000599999995,448.950012,448.76825,12450283
2016-06-28,448.0,448.0,433.0,440.39999400000005,440.22171,10190394
2016-06-29,447.10000599999995,449.799988,445.39999400000005,447.25,447.06893899999994,6285461
2016-06-30,454.299988,462.25,451.549988,459.25,459.06408700000003,13214064
2016-07-01,463.60000599999995,464.75,454.700012,457.89999400000005,457.71463,7027759
2016-07-04,467.0,474.85000599999995,467.0,469.5,469.309937,8413087
2016-07-05,468.5,469.0,459.5,460.89999400000005,460.713409,4934087
2016-07-07,460.950012,465.450012,454.10000599999995,455.14999400000005,454.965729,6580663
2016-07-08,464.299988,468.200012,462.64999400000005,466.299988,466.111206,9263727
2016-07-11,472.10000599999995,486.799988,472.10000599999995,484.60000599999995,484.40380899999997,10477166
2016-07-12,486.0,488.64999400000005,481.10000599999995,484.299988,484.10391200000004,6767972
2016-07-13,485.950012,488.10000599999995,477.950012,481.10000599999995,480.905243,5855718
2016-07-14,480.10000599999995,489.299988,478.950012,486.10000599999995,485.903229,5983007
2016-07-15,480.0,501.700012,479.64999400000005,494.0,493.80001799999997,8889558
2016-07-18,495.0,505.0,490.0,492.64999400000005,492.64999400000005,7463954
2016-07-19,493.89999400000005,503.5,493.450012,499.25,499.25,7665519
2016-07-20,496.299988,502.450012,492.450012,493.89999400000005,493.89999400000005,5697901
2016-07-21,498.450012,500.0,489.700012,491.049988,491.049988,3658371
2016-07-22,494.450012,508.450012,493.5,507.200012,507.200012,5588143
2016-07-25,505.5,510.950012,503.35000599999995,509.0,509.0,4638151
2016-07-26,506.049988,513.349976,502.10000599999995,503.25,503.25,6187499
2016-07-27,507.75,513.049988,505.5,510.10000599999995,510.10000599999995,5193425
2016-07-28,510.0,511.89999400000005,498.75,506.85000599999995,506.85000599999995,6338260
2016-07-29,507.799988,510.5,501.10000599999995,503.200012,503.200012,3746332
2016-08-01,506.799988,514.900024,505.5,508.25,508.25,4748497
2016-08-02,510.0,511.200012,491.14999400000005,493.299988,493.299988,5251838
2016-08-03,494.5,499.5,475.5,478.39999400000005,478.39999400000005,7925049
2016-08-04,490.10000599999995,501.450012,488.60000599999995,500.0,500.0,9476008
2016-08-05,507.200012,518.700012,502.14999400000005,516.400024,516.400024,6393514
2016-08-08,518.200012,522.599976,513.400024,514.799988,514.799988,4649302
2016-08-09,521.0,522.0,509.200012,513.799988,513.799988,6015760
2016-08-10,515.599976,516.5,502.299988,503.450012,503.450012,6371139
2016-08-11,503.75,505.0,495.10000599999995,503.25,503.25,4112806
2016-08-12,506.89999400000005,519.5,506.14999400000005,516.799988,516.799988,7167435
2016-08-16,512.950012,515.0,503.299988,507.60000599999995,507.60000599999995,6034295
2016-08-17,511.10000599999995,514.25,505.85000599999995,510.39999400000005,510.39999400000005,5853980
2016-08-18,512.400024,517.900024,510.75,512.049988,512.049988,4990558
2016-08-19,514.0,515.0,508.200012,510.0,510.0,4567273
2016-08-22,509.10000599999995,513.599976,503.10000599999995,503.950012,503.950012,4330313
2016-08-23,505.25,508.60000599999995,500.450012,504.0,504.0,5342115
2016-08-24,504.700012,506.049988,493.60000599999995,498.35000599999995,498.35000599999995,5189459
2016-08-25,498.35000599999995,503.299988,491.299988,493.85000599999995,493.85000599999995,8787262
2016-08-26,502.0,515.349976,486.0,503.75,503.75,16347856
2016-08-29,522.5,528.75,515.400024,525.299988,525.299988,12534399
2016-08-30,528.5,530.799988,524.099976,529.0,529.0,6611147
2016-08-31,529.0,548.799988,529.0,537.700012,537.700012,15725942
2016-09-01,540.5,546.650024,540.0,543.650024,543.650024,7571854
2016-09-02,552.0,555.900024,549.099976,549.849976,549.849976,10097146
2016-09-06,556.349976,593.299988,556.349976,588.700012,588.700012,15813178
2016-09-07,590.0,598.400024,584.0,587.400024,587.400024,13408927
2016-09-08,590.75,591.700012,577.75,584.200012,584.200012,10456258
2016-09-09,580.0,582.950012,571.700012,573.25,573.25,7159068
2016-09-12,551.0,560.0,549.25,553.450012,553.450012,7055294
2016-09-14,556.25,565.349976,544.099976,560.5,560.5,12364724
2016-09-15,562.0,566.25,555.400024,557.549988,557.549988,5258859
2016-09-16,562.400024,568.200012,546.349976,548.700012,548.700012,10931845
2016-09-19,553.799988,556.400024,549.450012,554.450012,554.450012,6979269
2016-09-20,555.0,556.299988,545.5,548.450012,548.450012,6874462
2016-09-21,548.599976,556.400024,544.0,549.900024,549.900024,5919149
2016-09-22,561.200012,562.950012,551.349976,558.450012,558.450012,6012388
2016-09-23,558.5,558.5,551.200012,553.049988,553.049988,4840360
2016-09-26,549.950012,549.950012,533.75,535.299988,535.299988,6858574
2016-09-27,537.700012,542.0,530.25,531.950012,531.950012,4912743
2016-09-28,533.0,545.400024,531.5,540.0,540.0,6604953
2016-09-29,543.0,546.900024,516.650024,526.299988,526.299988,9315794
2016-09-30,525.599976,536.549988,521.200012,534.849976,534.849976,5659248
2016-10-03,539.400024,546.0,539.0,540.799988,540.799988,4505939
2016-10-04,547.400024,552.400024,540.650024,549.950012,549.950012,5715454
2016-10-05,555.299988,562.400024,549.75,559.650024,559.650024,5929204
2016-10-06,563.099976,564.200012,549.099976,551.450012,551.450012,4273945
2016-10-07,554.5,567.299988,552.599976,565.700012,565.700012,9122002
2016-10-10,571.099976,571.099976,560.900024,562.049988,562.049988,3673211
2016-10-13,556.900024,556.900024,537.0,544.849976,544.849976,9510827
2016-10-14,546.0,557.450012,545.0,556.099976,556.099976,5872827
2016-10-17,557.849976,557.849976,545.900024,547.549988,547.549988,3463154
2016-10-18,549.200012,556.0,549.200012,554.25,554.25,3965424
2016-10-19,552.049988,554.900024,545.049988,550.5,550.5,4275157
2016-10-20,553.049988,554.0,546.0,546.849976,546.849976,2770011
2016-10-21,549.0,550.0,541.5,544.5,544.5,2789747
2016-10-24,544.0,564.0,543.549988,559.799988,559.799988,5161299
2016-10-25,549.849976,561.0,549.099976,553.799988,553.799988,5690576
2016-10-26,548.0,548.0,523.150024,530.049988,530.049988,6665017
2016-10-27,515.599976,525.75,510.75,522.0,522.0,18470182
2016-10-28,527.0,539.950012,525.099976,537.0,537.0,5665910
2016-11-01,534.400024,537.900024,525.049988,530.599976,530.599976,6848662
2016-11-02,522.599976,526.0,512.349976,513.299988,513.299988,4750117
2016-11-03,509.799988,521.450012,505.200012,510.200012,510.200012,6909458
2016-11-04,509.25,516.349976,501.60000599999995,512.299988,512.299988,7564243
2016-11-07,513.0,521.299988,505.049988,506.35000599999995,506.35000599999995,5507954
2016-11-08,518.400024,543.0,517.0,540.200012,540.200012,12739083
2016-11-09,501.14999400000005,544.0,500.0,533.5,533.5,10276017
2016-11-10,536.0,549.349976,531.5,533.700012,533.700012,6906437
2016-11-11,526.5,530.0,505.0,507.299988,507.299988,7823667
2016-11-15,484.89999400000005,484.89999400000005,453.0,457.39999400000005,457.39999400000005,15356070
2016-11-16,468.450012,471.700012,450.0,458.450012,458.450012,10855618
2016-11-17,460.0,476.0,459.64999400000005,472.85000599999995,472.85000599999995,8949767
2016-11-18,469.89999400000005,473.85000599999995,461.85000599999995,471.25,471.25,7246244
2016-11-21,468.0,472.799988,451.5,456.950012,456.950012,7325876
2016-11-22,464.049988,471.0,453.299988,464.85000599999995,464.85000599999995,6644867
2016-11-23,467.0,475.299988,462.0,471.5,471.5,6727083
2016-11-24,466.35000599999995,466.35000599999995,449.700012,452.950012,452.950012,8046995
2016-11-25,454.10000599999995,456.35000599999995,443.14999400000005,452.35000599999995,452.35000599999995,7426347
2016-11-28,451.25,460.0,450.5,454.700012,454.700012,5025929
2016-11-29,455.0,466.299988,451.35000599999995,459.85000599999995,459.85000599999995,8570549
2016-11-30,460.0,463.799988,455.10000599999995,459.299988,459.299988,8377510
2016-12-01,457.0,457.700012,446.89999400000005,448.200012,448.200012,7706825
2016-12-02,445.0,453.5,431.14999400000005,432.89999400000005,432.89999400000005,10450654
2016-12-05,436.0,441.0,428.299988,439.299988,439.299988,8211182
2016-12-06,441.0,445.89999400000005,438.10000599999995,441.10000599999995,441.10000599999995,4209420
2016-12-07,440.0,449.200012,439.25,445.35000599999995,445.35000599999995,5559803
2016-12-08,451.200012,464.39999400000005,451.200012,461.549988,461.549988,8176055
2016-12-09,464.950012,468.549988,460.60000599999995,464.10000599999995,464.10000599999995,5690877
2016-12-12,461.950012,461.950012,451.049988,454.39999400000005,454.39999400000005,3837786
2016-12-13,476.799988,486.25,462.25,470.64999400000005,470.64999400000005,63880404
2016-12-14,470.200012,476.799988,462.64999400000005,472.35000599999995,472.35000599999995,7660437
2016-12-15,464.0,473.60000599999995,462.5,463.200012,463.200012,6539067
2016-12-16,465.0,474.89999400000005,464.200012,473.14999400000005,473.14999400000005,9015744
2016-12-19,470.89999400000005,478.549988,465.5,471.799988,471.799988,5445624
2016-12-20,473.0,475.0,469.10000599999995,473.14999400000005,473.14999400000005,3690160
2016-12-21,473.5,474.5,467.10000599999995,468.5,468.5,3492856
2016-12-22,468.14999400000005,472.950012,464.799988,469.60000599999995,469.60000599999995,5436494
2016-12-23,464.950012,468.299988,460.0,465.64999400000005,465.64999400000005,3957854
2016-12-26,465.5,465.5,455.60000599999995,457.85000599999995,457.85000599999995,3282425
2016-12-27,460.0,468.75,457.39999400000005,466.950012,466.950012,3164664
2016-12-28,467.0,468.64999400000005,462.0,463.35000599999995,463.35000599999995,3772181
2016-12-29,462.75,472.700012,459.35000599999995,470.89999400000005,470.89999400000005,4763171
2016-12-30,471.0,475.0,467.5,472.0,472.0,3605555
2017-01-02,472.0,488.700012,469.049988,487.049988,487.049988,4024156
2017-01-03,491.0,492.700012,479.89999400000005,481.10000599999995,481.10000599999995,5814518
2017-01-04,484.64999400000005,493.700012,484.10000599999995,486.64999400000005,486.64999400000005,4769872
2017-01-05,496.0,503.39999400000005,495.549988,502.14999400000005,502.14999400000005,7961242
2017-01-06,502.950012,507.950012,496.25,497.75,497.75,4907475
2017-01-09,499.39999400000005,504.60000599999995,492.14999400000005,500.14999400000005,500.14999400000005,3932710
2017-01-10,506.549988,518.0,505.950012,516.25,516.25,7973024
2017-01-11,520.25,523.950012,517.150024,519.25,519.25,4886398
2017-01-12,521.700012,524.0,513.200012,518.25,518.25,4219627
2017-01-13,523.25,523.25,507.5,514.849976,514.849976,6367248
2017-01-16,518.650024,529.450012,517.0,526.400024,526.400024,6084582
2017-01-17,528.099976,530.799988,521.0,523.700012,523.700012,4297426
2017-01-18,523.049988,529.599976,521.200012,522.450012,522.450012,5874608
2017-01-19,523.0,535.599976,522.700012,531.450012,531.450012,5810128
2017-01-20,527.400024,529.299988,521.25,523.200012,523.200012,5013928
2017-01-23,523.200012,534.950012,523.0,532.700012,532.700012,4209879
2017-01-24,533.0,543.0,532.349976,541.549988,541.549988,5183630
2017-01-25,543.25,551.900024,541.549988,548.900024,548.900024,4504941
2017-01-27,549.0,552.0,539.75,541.950012,541.950012,4493803
2017-01-30,542.0,543.5,530.799988,532.299988,532.299988,4163428
2017-01-31,530.200012,531.5,518.0,523.549988,523.549988,6035022
2017-02-01,527.5,544.5,522.900024,542.25,542.25,4786720
2017-02-02,537.599976,537.599976,526.799988,531.5,531.5,6579801
2017-02-03,531.900024,531.900024,519.5,522.599976,522.599976,5298261
2017-02-06,527.900024,531.450012,523.200012,525.849976,525.849976,3642527
2017-02-07,524.799988,524.799988,502.0,506.799988,506.799988,7987282
2017-02-08,512.349976,514.950012,506.299988,513.049988,513.049988,5975054
2017-02-09,515.400024,518.0,505.75,512.849976,512.849976,4099871
2017-02-10,513.0,514.799988,506.5,509.549988,509.549988,4732032
2017-02-13,512.700012,512.700012,503.299988,505.299988,505.299988,4700518
2017-02-14,503.0,506.700012,466.549988,482.049988,482.049988,14901414
2017-02-15,449.049988,453.0,434.35000599999995,436.450012,436.450012,38638630
2017-02-16,442.549988,447.60000599999995,435.39999400000005,446.0,446.0,11622714
2017-02-17,447.89999400000005,456.60000599999995,442.39999400000005,452.950012,452.950012,10063504
2017-02-20,451.5,458.450012,449.0,455.450012,455.450012,5866707
2017-02-21,456.89999400000005,462.799988,454.5,458.64999400000005,458.64999400000005,6875914
2017-02-22,460.25,466.700012,455.799988,460.049988,460.049988,7315280
2017-02-23,464.0,464.700012,457.25,462.35000599999995,462.35000599999995,9492419
2017-02-27,464.0,464.0,455.10000599999995,457.799988,457.799988,5510484
2017-02-28,460.0,460.0,454.10000599999995,456.75,456.75,5722402
2017-03-01,455.89999400000005,455.89999400000005,448.0,449.450012,449.450012,8367579
2017-03-02,457.85000599999995,467.89999400000005,453.200012,461.700012,461.700012,13667695
2017-03-03,463.299988,466.85000599999995,458.60000599999995,459.950012,459.950012,7085620
2017-03-06,462.5,472.700012,462.10000599999995,470.799988,470.799988,4036291
2017-03-07,469.5,475.89999400000005,466.049988,467.549988,467.549988,7114541
2017-03-08,469.39999400000005,469.60000599999995,461.14999400000005,462.799988,462.799988,5351597
2017-03-09,462.450012,469.700012,462.0,467.60000599999995,467.60000599999995,3837624
2017-03-10,471.0,471.85000599999995,465.10000599999995,469.10000599999995,469.10000599999995,5766815
2017-03-14,481.0,483.0,468.450012,469.75,469.75,6348198
2017-03-15,475.0,476.549988,470.64999400000005,473.450012,473.450012,4801312
2017-03-16,478.700012,482.0,476.14999400000005,480.950012,480.950012,6272947
2017-03-17,481.35000599999995,484.200012,471.700012,476.5,476.5,6338248
2017-03-20,476.549988,478.200012,470.75,476.0,476.0,2871104
2017-03-21,478.0,478.049988,470.64999400000005,473.75,473.75,4685410
2017-03-22,469.950012,469.950012,458.5,459.89999400000005,459.89999400000005,4695648
2017-03-23,461.299988,477.0,461.299988,472.89999400000005,472.89999400000005,8665384
2017-03-24,470.75,474.799988,467.549988,470.39999400000005,470.39999400000005,4296510
2017-03-27,469.0,469.14999400000005,462.10000599999995,464.75,464.75,4417413
2017-03-28,467.5,473.0,467.5,472.39999400000005,472.39999400000005,2982614
2017-03-29,474.89999400000005,475.0,463.60000599999995,469.049988,469.049988,6680569
2017-03-30,463.5,469.799988,462.85000599999995,468.39999400000005,468.39999400000005,9482785
2017-03-31,466.5,472.5,464.5,465.85000599999995,465.85000599999995,6400088
2017-04-03,468.25,472.299988,467.60000599999995,470.39999400000005,470.39999400000005,2951896
2017-04-05,470.39999400000005,475.0,467.25,473.5,473.5,5287168
2017-04-06,474.299988,478.5,470.60000599999995,473.200012,473.200012,6703078
2017-04-07,468.450012,480.549988,466.64999400000005,468.299988,468.299988,8089461
2017-04-10,471.64999400000005,478.299988,467.549988,474.89999400000005,474.89999400000005,5437523
2017-04-11,477.89999400000005,478.35000599999995,471.10000599999995,472.25,472.25,4887918
2017-04-12,468.700012,471.549988,461.60000599999995,464.549988,464.549988,5991598
2017-04-13,461.85000599999995,463.35000599999995,451.200012,453.35000599999995,453.35000599999995,5930185
2017-04-17,452.0,455.700012,447.299988,449.200012,449.200012,4913930
2017-04-18,452.0,455.75,442.5,443.700012,443.700012,4235130
2017-04-19,443.0,449.5,438.299988,443.049988,443.049988,6319332
2017-04-20,447.85000599999995,447.85000599999995,442.10000599999995,443.950012,443.950012,3288900
2017-04-21,446.75,448.450012,437.60000599999995,440.60000599999995,440.60000599999995,5325590
2017-04-24,439.799988,449.0,438.75,443.85000599999995,443.85000599999995,6214069
2017-04-25,445.85000599999995,447.75,443.299988,445.64999400000005,445.64999400000005,5894090
2017-04-26,446.0,454.39999400000005,445.5,450.799988,450.799988,8438042
2017-04-27,455.0,460.89999400000005,452.700012,455.35000599999995,455.35000599999995,10589249
2017-04-28,457.10000599999995,462.0,454.39999400000005,458.89999400000005,458.89999400000005,5126904
2017-05-02,456.60000599999995,457.200012,448.549988,451.25,451.25,6071958
2017-05-03,451.35000599999995,456.0,444.64999400000005,446.60000599999995,446.60000599999995,5158586
2017-05-04,446.64999400000005,448.10000599999995,435.14999400000005,436.5,436.5,6204022
2017-05-05,436.5,436.5,418.0,419.60000599999995,419.60000599999995,9487539
2017-05-08,424.75,428.700012,417.25,422.64999400000005,422.64999400000005,7427873
2017-05-09,424.75,428.799988,422.700012,426.799988,426.799988,2833132
2017-05-10,427.799988,433.0,424.0,432.299988,432.299988,5378402
2017-05-11,434.0,434.5,425.39999400000005,427.450012,427.450012,4049649
2017-05-12,429.64999400000005,433.799988,427.450012,430.85000599999995,430.85000599999995,3850940
2017-05-15,434.0,434.0,430.10000599999995,431.89999400000005,431.89999400000005,1885702
2017-05-16,432.25,439.5,432.25,437.25,437.25,3452072
2017-05-17,436.5,452.5,435.10000599999995,449.10000599999995,449.10000599999995,6572678
2017-05-18,442.0,448.700012,436.0,437.950012,437.950012,6158546
2017-05-19,439.0,444.950012,434.60000599999995,443.35000599999995,443.35000599999995,4387481
2017-05-22,446.0,452.75,442.60000599999995,449.64999400000005,449.64999400000005,6145914
2017-05-23,451.450012,456.450012,444.299988,450.5,450.5,10330814
2017-05-24,470.0,473.35000599999995,458.10000599999995,469.549988,469.549988,27370795
2017-05-25,470.0,479.0,464.700012,476.0,476.0,15108872
2017-05-26,474.10000599999995,488.25,473.5,481.10000599999995,481.10000599999995,7692869
2017-05-29,482.5,485.0,471.799988,481.5,481.5,4253044
2017-05-30,482.700012,487.0,480.0,481.299988,481.299988,3101380
2017-05-31,482.299988,483.0,474.799988,476.14999400000005,476.14999400000005,5393856
2017-06-01,476.950012,479.700012,473.549988,476.64999400000005,476.64999400000005,3001232
2017-06-02,480.0,485.950012,477.700012,478.75,478.75,4319080
2017-06-05,478.299988,481.89999400000005,475.200012,478.14999400000005,478.14999400000005,2464819
2017-06-06,482.89999400000005,484.35000599999995,457.60000599999995,461.0,461.0,8016939
2017-06-07,462.549988,463.64999400000005,453.5,458.0,458.0,5250544
2017-06-08,459.5,463.450012,457.35000599999995,460.799988,460.799988,4066322
2017-06-09,459.950012,468.0,455.0,467.10000599999995,467.10000599999995,4598706
2017-06-12,463.75,465.25,455.200012,456.25,456.25,4341696
2017-06-13,457.14999400000005,458.75,448.0,449.549988,449.549988,3577406
2017-06-14,450.799988,453.39999400000005,447.049988,451.950012,451.950012,3605931
2017-06-15,452.0,457.85000599999995,446.950012,448.299988,448.299988,3879154
2017-06-16,454.700012,458.39999400000005,452.0,455.75,455.75,7042094
2017-06-19,453.799988,456.39999400000005,450.5,452.35000599999995,452.35000599999995,3869675
2017-06-20,457.0,470.75,456.0,467.39999400000005,467.39999400000005,12014975
2017-06-21,466.0,466.0,455.5,457.299988,457.299988,5436141
2017-06-22,458.85000599999995,463.0,451.60000599999995,452.700012,452.700012,5008885
2017-06-23,454.0,456.5,442.39999400000005,443.14999400000005,443.14999400000005,6753648
2017-06-27,443.799988,444.5,434.39999400000005,442.299988,442.299988,5915274
2017-06-28,443.89999400000005,446.799988,440.14999400000005,442.5,442.5,4960238
2017-06-29,444.5,446.25,434.0,435.60000599999995,435.60000599999995,11085101
2017-06-30,433.89999400000005,435.60000599999995,428.049988,432.549988,432.549988,4776892
2017-07-03,431.5,434.700012,426.25,430.25,430.25,6230025
2017-07-04,434.200012,436.39999400000005,426.0,426.89999400000005,426.89999400000005,5020683
2017-07-05,428.89999400000005,433.950012,427.39999400000005,431.75,431.75,5050749
2017-07-06,435.39999400000005,438.799988,433.799988,437.10000599999995,437.10000599999995,4038188
2017-07-07,434.450012,441.450012,432.25,436.85000599999995,436.85000599999995,5311730
2017-07-10,446.60000599999995,448.10000599999995,444.0,446.950012,446.950012,1154721
2017-07-11,452.0,462.299988,451.0,456.950012,456.950012,12069006
2017-07-12,461.0,463.799988,456.60000599999995,461.0,461.0,6051540
2017-07-13,464.5,464.5,455.549988,459.049988,459.049988,4382063
2017-07-14,460.0,460.0,450.39999400000005,451.299988,451.299988,3974269
2017-07-17,455.0,458.35000599999995,453.25,454.14999400000005,454.14999400000005,4922453
2017-07-18,452.60000599999995,459.5,452.60000599999995,456.14999400000005,456.14999400000005,2349268
2017-07-19,453.0,462.89999400000005,453.0,460.60000599999995,460.60000599999995,3395937
2017-07-20,463.5,464.35000599999995,457.35000599999995,460.14999400000005,460.14999400000005,3318626
2017-07-21,460.0,465.89999400000005,457.60000599999995,464.60000599999995,464.60000599999995,3150269
2017-07-24,464.950012,468.35000599999995,461.0,464.0,464.0,3773074
2017-07-25,462.14999400000005,464.700012,454.700012,456.10000599999995,456.10000599999995,7052112
2017-07-26,457.200012,458.700012,455.0,457.299988,457.299988,3641559
2017-07-27,459.0,460.950012,440.299988,445.39999400000005,445.39999400000005,13738611
2017-07-28,444.60000599999995,447.450012,442.450012,445.85000599999995,445.85000599999995,3365171
2017-07-31,446.25,449.700012,443.700012,444.60000599999995,444.60000599999995,3804621
2017-08-01,446.549988,452.35000599999995,445.700012,446.89999400000005,446.89999400000005,4012791
2017-08-02,449.5,449.950012,438.14999400000005,440.35000599999995,440.35000599999995,4045533
2017-08-03,441.0,441.5,429.60000599999995,431.450012,431.450012,6197142
2017-08-04,435.10000599999995,438.75,433.450012,435.60000599999995,435.60000599999995,4166729
2017-08-07,438.60000599999995,439.799988,425.299988,430.0,430.0,6461815
2017-08-08,432.0,435.5,426.0,430.0,430.0,7134979
2017-08-09,428.799988,429.89999400000005,415.0,416.049988,416.049988,10849567
2017-08-10,401.0,403.600006,375.25,380.200012,380.200012,28114017
2017-08-11,376.0,379.100006,358.5,374.5,374.5,14699477
2017-08-14,380.0,381.799988,372.600006,375.399994,375.399994,8216208
2017-08-16,379.450012,390.700012,375.5,389.25,389.25,11019760
2017-08-17,392.450012,392.450012,384.5,385.299988,385.299988,5971420
2017-08-18,381.75,383.0,377.0,380.399994,380.399994,5856198
2017-08-21,382.0,382.549988,371.299988,374.350006,374.350006,5123101
2017-08-22,378.799988,379.950012,372.25,373.600006,373.600006,4163794
2017-08-23,376.0,381.149994,373.350006,379.950012,379.950012,4448871
2017-08-24,380.100006,385.950012,380.100006,384.149994,384.149994,5208541
2017-08-28,385.850006,387.399994,378.299988,379.299988,379.299988,4403872
2017-08-29,379.0,382.350006,374.450012,376.100006,376.100006,4689547
2017-08-30,380.850006,382.75,377.450012,378.5,378.5,3734824
2017-08-31,380.049988,380.450012,375.799988,376.549988,376.549988,4685511
2017-09-01,379.350006,392.850006,378.649994,390.850006,390.850006,7380325
2017-09-04,393.0,396.049988,380.5,383.399994,383.399994,8433560
2017-09-05,385.700012,389.5,383.399994,388.149994,388.149994,4477993
2017-09-06,385.0,386.700012,381.850006,382.700012,382.700012,5953907
2017-09-07,383.700012,384.399994,376.0,378.149994,378.149994,7938665
2017-09-08,381.0,381.799988,374.049988,375.049988,375.049988,7471355
2017-09-11,380.0,380.0,374.200012,375.299988,375.299988,5402725
2017-09-12,378.700012,390.0,375.5,388.25,388.25,9266823
2017-09-13,391.0,393.950012,387.200012,389.649994,389.649994,6537279
2017-09-14,390.75,406.600006,390.25,404.399994,404.399994,11476571
2017-09-15,402.850006,406.75,400.0,401.75,401.75,9675506
2017-09-18,411.850006,413.0,403.200012,404.950012,404.950012,8966503
2017-09-19,415.0,427.700012,414.0,423.64999400000005,423.64999400000005,28208471
2017-09-20,422.75,422.75,413.0,414.799988,414.799988,5179160
2017-09-21,415.399994,418.450012,408.799988,413.649994,413.649994,6946502
2017-09-22,414.0,422.14999400000005,408.850006,411.799988,411.799988,9781308
2017-09-25,413.649994,415.299988,404.600006,408.200012,408.200012,6957357
2017-09-26,409.399994,413.899994,403.299988,411.25,411.25,5077291
2017-09-27,413.5,414.25,402.0,404.899994,404.899994,4727360
2017-09-28,406.950012,406.950012,399.0,401.399994,401.399994,4850748
2017-09-29,401.399994,405.0,397.399994,401.5,401.5,7520906
2017-10-03,428.0,428.0,415.0,416.0,416.0,9696920
2017-10-04,417.549988,426.0,412.700012,423.549988,423.549988,7663143
2017-10-05,423.0,425.799988,420.10000599999995,423.299988,423.299988,4606192
2017-10-06,422.0,426.0,416.200012,424.85000599999995,424.85000599999995,5308695
2017-10-09,424.0,432.10000599999995,423.049988,425.60000599999995,425.60000599999995,4414381
2017-10-10,425.60000599999995,428.89999400000005,421.39999400000005,423.60000599999995,423.60000599999995,5057869
2017-10-11,424.89999400000005,424.89999400000005,414.100006,415.5,415.5,4320451
2017-10-12,415.5,421.799988,409.350006,420.14999400000005,420.14999400000005,5442846
2017-10-13,421.0,429.299988,418.899994,424.799988,424.799988,6969434
2017-10-16,426.299988,438.0,425.85000599999995,437.049988,437.049988,8476709
2017-10-17,435.75,435.75,430.200012,432.299988,432.299988,5135763
2017-10-18,432.25,437.299988,426.60000599999995,433.200012,433.200012,5539785
2017-10-19,433.0,433.10000599999995,424.25,426.950012,426.950012,1313380
2017-10-23,429.10000599999995,430.85000599999995,421.0,422.75,422.75,4013418
2017-10-24,422.75,423.799988,415.049988,416.049988,416.049988,4541742
2017-10-25,421.0,424.39999400000005,415.100006,421.950012,421.950012,5666968
2017-10-26,421.700012,422.39999400000005,417.0,419.399994,419.399994,6207936
2017-10-27,422.049988,434.35000599999995,422.049988,429.89999400000005,429.89999400000005,7414741
2017-10-30,428.25,440.950012,428.25,436.549988,436.549988,7675104
2017-10-31,438.85000599999995,438.85000599999995,427.299988,428.39999400000005,428.39999400000005,6214996
2017-11-01,430.950012,439.950012,428.450012,437.75,437.75,7310931
2017-11-02,435.700012,440.39999400000005,429.89999400000005,434.89999400000005,434.89999400000005,8262211
2017-11-03,434.0,449.35000599999995,432.64999400000005,447.700012,447.700012,8116263
2017-11-06,445.75,468.0,443.549988,462.89999400000005,462.89999400000005,19456789
2017-11-07,458.200012,465.89999400000005,450.049988,451.85000599999995,451.85000599999995,13266543
2017-11-08,448.0,455.0,431.299988,438.200012,438.200012,11193613
2017-11-09,442.10000599999995,450.89999400000005,425.64999400000005,440.14999400000005,440.14999400000005,40547266
2017-11-10,438.950012,438.950012,420.0,422.549988,422.549988,22534490
2017-11-13,423.0,427.5,416.100006,418.100006,418.100006,9857544
2017-11-14,418.549988,421.85000599999995,410.649994,414.299988,414.299988,8987515
2017-11-15,414.299988,417.549988,407.0,408.649994,408.649994,9867270
2017-11-16,411.350006,415.899994,411.350006,413.450012,413.450012,6291441
2017-11-17,419.450012,423.450012,417.0,421.799988,421.799988,6191428
2017-11-20,421.0,425.700012,420.10000599999995,423.0,423.0,4051153
2017-11-21,424.450012,430.0,422.5,424.25,424.25,6745407
2017-11-22,425.450012,433.0,424.5,428.60000599999995,428.60000599999995,7899417
2017-11-23,428.60000599999995,431.049988,422.450012,426.25,426.25,7374216
2017-11-24,427.0,429.950012,424.25,425.5,425.5,5108182
2017-11-27,423.0,424.75,417.799988,421.39999400000005,421.39999400000005,7946028
2017-11-28,419.799988,422.25,414.5,415.950012,415.950012,6217480
2017-11-29,415.899994,419.450012,412.049988,413.950012,413.950012,4327453
2017-11-30,410.399994,412.25,402.25,404.149994,404.149994,25646262
2017-12-01,407.899994,410.25,396.5,398.899994,398.899994,7959197
2017-12-04,405.799988,411.25,401.700012,403.649994,403.649994,10043491
2017-12-05,404.549988,405.5,396.549988,402.25,402.25,7144542
2017-12-06,400.200012,404.0,395.0,397.049988,397.049988,5573968
2017-12-07,398.0,405.299988,397.149994,402.0,402.0,7998863
2017-12-08,406.0,413.75,406.0,411.149994,411.149994,12288946
2017-12-11,412.0,415.200012,409.049988,410.149994,410.149994,5066242
2017-12-12,411.549988,415.5,405.950012,406.850006,406.850006,6151197
2017-12-13,407.0,409.850006,400.0,401.950012,401.950012,5140689
2017-12-14,404.0,404.549988,398.200012,402.399994,402.399994,4674026
2017-12-15,406.5,409.0,404.200012,405.100006,405.100006,5614113
2017-12-18,399.0,409.899994,389.299988,405.799988,405.799988,5356208
2017-12-19,407.350006,421.700012,407.350006,420.10000599999995,420.10000599999995,9686883
2017-12-20,421.950012,427.75,419.25,422.60000599999995,422.60000599999995,11191127
2017-12-21,424.0,426.049988,419.549988,420.799988,420.799988,4885225
2017-12-22,422.049988,426.39999400000005,420.89999400000005,422.0,422.0,5345261
2017-12-26,422.0,425.14999400000005,421.14999400000005,424.200012,424.200012,3700655
2017-12-27,423.5,428.450012,420.299988,422.450012,422.450012,3673355
2017-12-28,423.5,423.700012,416.0,418.600006,418.600006,5018893
2017-12-29,418.0,433.450012,417.149994,431.85000599999995,431.85000599999995,8640908
2018-01-01,430.950012,436.39999400000005,422.25,424.450012,424.450012,6807536
